url,role,technical_before,technical_after,http_before,http_after,crawlable_before,crawlable_after,sitemap,depth,contextual_incoming_before,contextual_incoming_after,primary_intent,change_or_decision,title,description
https://cladvera.vercel.app/sourcing/china,indexable,100,100,200,200,True,True,True,1,10,10,China architectural panel sourcing and export supply,"Retained China-sourcing scope, importer questions and separate TAKTL positioning.",China-Sourced Architectural Panels | Cladvera,"Source architectural panels from China with Cladvera. Plan RFQs, origin records, technical evidence and import scope for US and Canadian projects."
https://cladvera.vercel.app/guides/facade-materials,indexable,100,100,200,200,True,True,True,1,15,17,ACM vs HPL vs UHPC vs GFRP facade materials,Added contextual incoming links from finder and facade applications; retained comparison ownership.,"ACM, HPL, UHPC & GFRP: Facade Material Guide | Cladvera","Compare ACM/MCM, exterior HPL, architectural UHPC and GFRP/GRP for facade selection. Understand material names, specification inputs and sourcing questions."
https://cladvera.vercel.app/products,indexable,92,100,200,200,True,True,True,1,7,7,Architectural panel product finder,Added CollectionPage entity and contextual material-comparison link.,Architectural Panel Product Finder | Cladvera,"Explore architectural UHPC, metal composite, exterior HPL and custom GFRP panels. Filter by material or application and shortlist products for your project."
https://cladvera.vercel.app/applications,indexable,100,100,200,200,True,True,True,1,14,14,Facade and interior panel applications,Clarified architect-workflow anchor; added facade material-guide and sample links.,Facade & Interior Panel Applications | Cladvera,"Explore facade cladding, interior wall panels, transit, healthcare and custom architectural forms. Find material families and review project requirements."
https://cladvera.vercel.app/procurement,indexable,100,100,200,200,True,True,True,1,17,17,Architectural panel procurement and RFQ,"Added sample, specification and document-review links before order release.",Architectural Panel Procurement & RFQ Guide | Cladvera,"Prepare an architectural panel RFQ with material, quantities, drawings and delivery needs. Compare quoted scope, coordinate approvals and plan procurement."
https://cladvera.vercel.app/compare,utility,N/A,N/A,200,200,True,True,False,1,21,21,Utility workflow,Intentional noindex; omitted from sitemap.,Compare Your Product Shortlist | Cladvera,"Compare shortlisted architectural materials by application, construction and documentation, then carry your selection into a sample or project quote request."
https://cladvera.vercel.app/materials/gfrp-custom-elements,indexable,100,100,200,200,True,True,True,1,13,13,Custom GFRP; GRP architectural elements,Retained one useful geometry/tooling dossier rather than creating thin synonym pages.,Custom GFRP / GRP Architectural Supplier | Cladvera,"Source custom GFRP / GRP facade and architectural elements. Review molded fiberglass forms, drawing requirements, tooling and project-specific documents."
https://cladvera.vercel.app/,indexable,100,100,200,200,True,True,True,0,0,0,Facade panel supplier; architectural materials,Added visible supplier and US/Canada context under the editorial heading.,Facade Panel Supplier & Architectural Materials | Cladvera,"Source facade panels and architectural materials for US and Canadian projects. Explore China-sourced HPL, metal composite and GFRP, plus the TAKTL UHPC range."
https://cladvera.vercel.app/materials,redirect,N/A,N/A,308,308,False,True,False,,0,0,Legacy alias,Preserved permanent redirect; source is now crawlable.,Architectural Panel Product Finder | Cladvera,"Explore architectural UHPC, metal composite, exterior HPL and custom GFRP panels. Filter by material or application and shortlist products for your project."
https://cladvera.vercel.app/materials/exterior-hpl-panels,indexable,100,100,200,200,True,True,True,1,8,8,Exterior HPL facade panels,Retained exterior material selection intent and manufacturer-source links.,Exterior HPL Cladding Supplier | Compactwood | Cladvera,"Source Compactwood exterior HPL cladding for facade projects. Review wood-fiber laminate construction, rainscreen details, samples and procurement documents."
https://cladvera.vercel.app/materials/exterior-hpl-panels/wood-fiber-facade,indexable,100,100,200,200,True,True,True,1,10,10,Compactwood wood-fiber HPL facade board,Retained specific product construction and document-review role.,Compactwood Wood-Fiber HPL Facade Board | Cladvera,"Review Compactwood's wood-fiber HPL facade board, including its stated core, decorative surface, ventilated rainscreen approach and project document checklist."
https://cladvera.vercel.app/materials/uhpc-panels,draft,N/A,N/A,200,404,False,True,False,,0,0,Unreviewed content,Retired from public rendering; returns crawlable404 pending source/content review.,Cladvera | Architectural Panels for North America,"Architectural panel sourcing and China export supply for design teams, buyers, fabricators and contractors"
https://cladvera.vercel.app/suppliers/taktl,indexable,100,100,200,200,True,True,True,1,12,12,TAKTL architectural UHPC panels,Retained named-manufacturer collection intent; individual families own specification details.,TAKTL Architectural UHPC Products | Cladvera,"Explore TAKTL architectural UHPC facade panels, KORSA aggregate, SOLA, custom elements and hardware through Cladvera. Request project pricing and samples."
https://cladvera.vercel.app/suppliers/taktl/facade-elements,indexable,100,100,200,200,True,True,True,1,13,13,TAKTL UHPC facade elements,"Added panel schedule, surface-sample and attachment coordination guidance.",TAKTL A|UHPC Facade Elements | Cladvera,"Explore TAKTL A|UHPC facade panels, standard dimensions, colors, textures and attachment choices. Manufacturer facts are linked for project verification."
https://cladvera.vercel.app/suppliers/taktl/korsa-aggregate,indexable,100,100,200,200,True,True,True,1,7,7,TAKTL KORSA exposed aggregate panels,"Added aggregate brief, physical sample and panel-schedule guidance.",TAKTL KORSA Aggregate Panels | Cladvera,"Review TAKTL KORSA exposed aggregate panel options, A01 through A05, and the manufacturer design guide. Confirm samples and availability with TAKTL."
https://cladvera.vercel.app/suppliers/taktl/sola,indexable,100,100,200,200,True,True,True,2,5,5,TAKTL SOLA photocatalytic surface panels,"Added S01/S02 selection, performance-evidence and maintenance questions.",TAKTL SOLA Self-Cleaning Panels | Cladvera,"See TAKTL SOLA S01 and S02 facade panel options, standard thickness and format, and links to the manufacturer's product data and test information."
https://cladvera.vercel.app/suppliers/taktl/custom-elements,indexable,100,100,200,200,True,True,True,1,7,7,Custom UHPC architectural elements,"Added pattern/model, repeated geometry, tooling and mock-up decisions.",TAKTL Custom UHPC Elements | Cladvera,"Explore TAKTL's custom UHPC texture and form process, from original pattern to production mold. Each element is developed for a specific project."
https://cladvera.vercel.app/suppliers/taktl/hardware,indexable,100,100,200,200,True,True,True,1,9,9,TAKTL facade panel attachment components,"Added visible/concealed attachment, substrate and coordinated component-list guidance.",TAKTL Panel Hardware | Cladvera,"Review TAKTL panel attachment components, including concealed rail and clip systems and visible fasteners. Final selection follows project engineering."
https://cladvera.vercel.app/materials/acm-panels,indexable,100,100,200,200,True,True,True,1,9,9,ALMINE metal composite panels; MCM and ACM,Retained material overview and terminology distinction; no blanket aluminum-face assumption.,Metal Composite Panel Supplier | ALMINE | Cladvera,"Source ALMINE metal composite panels for facades, tunnels and healthcare interiors. Review MCM/ACM construction, samples and project documents."
https://cladvera.vercel.app/materials/acm-panels/a2-fireproof,indexable,100,100,200,200,True,True,True,1,14,14,ALMINE A2 metal composite panels,"Added face/core identification, fabrication scope and construction-specific fire evidence.",ALMINE A2 Metal Composite Panels | Cladvera,"Review ALMINE A2 fireproof metal composite panels, their manufacturer-described construction and uses, and the project documents needed before specification."
https://cladvera.vercel.app/materials/acm-panels/tunnel-traffic,indexable,100,100,200,200,True,True,True,2,5,5,Transit and tunnel wall panels,"Added installation environment, cleaning and transit-authority submission guidance.",ALMINE Tunnel Traffic Panels | Cladvera,"Explore ALMINE's tunnel and rail traffic metal composite panel, its manufacturer-described surface, and the evidence to request for transit specifications."
https://cladvera.vercel.app/materials/acm-panels/medical-antibacterial,indexable,100,100,200,200,True,True,True,2,5,5,Healthcare interior metal wall panels,"Added finish-specific cleaning, antibacterial test identification and interior construction review.",ALMINE Medical Antibacterial Panels | Cladvera,"Explore ALMINE's medical antibacterial metal composite panel for healthcare interiors, with manufacturer-source links and test evidence to verify before use."
https://cladvera.vercel.app/materials/wood-veneer-panels,draft,N/A,N/A,200,404,False,True,False,,0,0,Unreviewed content,Retired from public rendering; returns crawlable404 pending source/content review.,Cladvera | Architectural Panels for North America,"Architectural panel sourcing and China export supply for design teams, buyers, fabricators and contractors"
https://cladvera.vercel.app/materials/interior-hpl-panels,indexable,100,100,200,200,True,True,True,1,8,8,Interior decorative wall and ceiling boards,Retained truthful interior-board classification; HPL is not confirmed by the source.,Interior Decorative Panel Supplier | Cladvera,"Source Compactwood interior decorative boards for walls and ceilings. Confirm wood-fiber or glass-fiber core, finishes, installation and project documents."
https://cladvera.vercel.app/materials/interior-hpl-panels/paste-special-board,indexable,100,100,200,200,True,True,True,1,7,7,Compactwood interior wall and ceiling board,Clarified title/H1/description; preserved Paste Special Board identity and HPL qualification.,Compactwood Interior Wall & Ceiling Board | Cladvera,"Review Compactwood Paste Special Board for interior walls and ceilings, with wood- or glass-fiber core options, fixing inputs and documents to request."
https://cladvera.vercel.app/finishes,draft,N/A,N/A,200,404,False,True,False,,0,0,Unreviewed content,Retired from public rendering; returns crawlable404 pending source/content review.,Cladvera | Architectural Panels for North America,"Architectural panel sourcing and China export supply for design teams, buyers, fabricators and contractors"
https://cladvera.vercel.app/finishes/wood-grain,draft,N/A,N/A,200,404,False,True,False,,0,0,Unreviewed content,Retired from public rendering; returns crawlable404 pending source/content review.,Cladvera | Architectural Panels for North America,"Architectural panel sourcing and China export supply for design teams, buyers, fabricators and contractors"
https://cladvera.vercel.app/finishes/textured-concrete,draft,N/A,N/A,200,404,False,True,False,,0,0,Unreviewed content,Retired from public rendering; returns crawlable404 pending source/content review.,Cladvera | Architectural Panels for North America,"Architectural panel sourcing and China export supply for design teams, buyers, fabricators and contractors"
https://cladvera.vercel.app/architects,indexable,100,100,200,200,True,True,True,1,3,4,Architectural panel selection and specification,Retained design-team workflow; procurement now links directly to specification notes.,Architectural Panel Selection & Specification | Cladvera,"Select and specify architectural panels: compare facade and interior materials, review finish samples and technical evidence, and prepare a project RFQ."
https://cladvera.vercel.app/for-contractors,redirect,N/A,N/A,308,308,False,True,False,,0,0,Legacy alias,Preserved permanent redirect; source is now crawlable.,Architectural Panel Procurement & RFQ Guide | Cladvera,"Prepare an architectural panel RFQ with material, quantities, drawings and delivery needs. Compare quoted scope, coordinate approvals and plan procurement."
https://cladvera.vercel.app/technical-resources,indexable,100,100,200,200,True,True,True,1,11,11,Architectural panel technical documents,Retained source/document distinctions and filter canonical; added incoming review-package link.,Architectural Panel Technical Documents | Cladvera,"Find architectural panel technical documents for UHPC, metal composite, HPL and GFRP. Review manufacturer sources and request product data and test reports."
https://cladvera.vercel.app/compliance,draft,N/A,N/A,200,404,False,True,False,,0,0,Unreviewed content,Retired from public rendering; returns crawlable404 pending source/content review.,Cladvera | Architectural Panels for North America,"Architectural panel sourcing and China export supply for design teams, buyers, fabricators and contractors"
https://cladvera.vercel.app/systems,draft,N/A,N/A,200,404,False,True,False,,0,0,Unreviewed content,Retired from public rendering; returns crawlable404 pending source/content review.,Cladvera | Architectural Panels for North America,"Architectural panel sourcing and China export supply for design teams, buyers, fabricators and contractors"
https://cladvera.vercel.app/fabrication,draft,N/A,N/A,200,404,False,True,False,,0,0,Unreviewed content,Retired from public rendering; returns crawlable404 pending source/content review.,Cladvera | Architectural Panels for North America,"Architectural panel sourcing and China export supply for design teams, buyers, fabricators and contractors"
https://cladvera.vercel.app/stock-and-lead-times,draft,N/A,N/A,200,404,False,True,False,,0,0,Unreviewed content,Retired from public rendering; returns crawlable404 pending source/content review.,Cladvera | Architectural Panels for North America,"Architectural panel sourcing and China export supply for design teams, buyers, fabricators and contractors"
https://cladvera.vercel.app/supply-and-delivery,draft,N/A,N/A,200,404,False,True,False,,0,0,Unreviewed content,Retired from public rendering; returns crawlable404 pending source/content review.,Cladvera | Architectural Panels for North America,"Architectural panel sourcing and China export supply for design teams, buyers, fabricators and contractors"
https://cladvera.vercel.app/warranty,draft,N/A,N/A,200,404,False,True,False,,0,0,Unreviewed content,Retired from public rendering; returns crawlable404 pending source/content review.,Cladvera | Architectural Panels for North America,"Architectural panel sourcing and China export supply for design teams, buyers, fabricators and contractors"
https://cladvera.vercel.app/pricing-guide,draft,N/A,N/A,200,404,False,True,False,,0,0,Unreviewed content,Retired from public rendering; returns crawlable404 pending source/content review.,Cladvera | Architectural Panels for North America,"Architectural panel sourcing and China export supply for design teams, buyers, fabricators and contractors"
https://cladvera.vercel.app/canada,draft,N/A,N/A,200,404,False,True,False,,0,0,Unreviewed content,Retired from public rendering; returns crawlable404 pending source/content review.,Cladvera | Architectural Panels for North America,"Architectural panel sourcing and China export supply for design teams, buyers, fabricators and contractors"
https://cladvera.vercel.app/samples,utility,N/A,N/A,200,200,True,True,False,1,1,3,Utility workflow,Intentional noindex; omitted from sitemap.,Request Material Samples & Mock-ups | Cladvera,"Request product samples or discuss a custom mock-up with Cladvera. Include your selected materials, finish, evaluation needs and delivery destination."
https://cladvera.vercel.app/request-quote,utility,N/A,N/A,200,200,True,True,False,1,3,3,Utility workflow,Intentional noindex; omitted from sitemap.,Project Quote & Document Requests | Cladvera,"Prepare a product-specific project brief with quantities, drawings, finishes and technical requirements, then email Cladvera for review and pricing."
https://cladvera.vercel.app/about,draft,N/A,N/A,200,404,False,True,False,,0,0,Unreviewed content,Retired from public rendering; returns crawlable404 pending source/content review.,Cladvera | Architectural Panels for North America,"Architectural panel sourcing and China export supply for design teams, buyers, fabricators and contractors"
https://cladvera.vercel.app/contact,draft,N/A,N/A,200,404,False,True,False,,0,0,Unreviewed content,Retired from public rendering; returns crawlable404 pending source/content review.,Cladvera | Architectural Panels for North America,"Architectural panel sourcing and China export supply for design teams, buyers, fabricators and contractors"
https://cladvera.vercel.app/projects,draft,N/A,N/A,200,404,False,True,False,,0,0,Unreviewed content,Retired from public rendering; returns crawlable404 pending source/content review.,Cladvera | Architectural Panels for North America,"Architectural panel sourcing and China export supply for design teams, buyers, fabricators and contractors"
https://cladvera.vercel.app/applications/interior-wall-panels,draft,N/A,N/A,200,404,False,True,False,,0,0,Unreviewed content,Retired from public rendering; returns crawlable404 pending source/content review.,Cladvera | Architectural Panels for North America,"Architectural panel sourcing and China export supply for design teams, buyers, fabricators and contractors"
https://cladvera.vercel.app/resources/panel-color-variation,draft,N/A,N/A,200,404,False,True,False,,0,0,Unreviewed content,Retired from public rendering; returns crawlable404 pending source/content review.,Cladvera | Architectural Panels for North America,"Architectural panel sourcing and China export supply for design teams, buyers, fabricators and contractors"
https://cladvera.vercel.app/resources/acm-vs-hpl-vs-uhpc,draft,N/A,N/A,200,404,False,True,False,,0,0,Unreviewed content,Retired from public rendering; returns crawlable404 pending source/content review.,Cladvera | Architectural Panels for North America,"Architectural panel sourcing and China export supply for design teams, buyers, fabricators and contractors"
https://cladvera.vercel.app/resources/uhpc-vs-gfrc,draft,N/A,N/A,200,404,False,True,False,,0,0,Unreviewed content,Retired from public rendering; returns crawlable404 pending source/content review.,Cladvera | Architectural Panels for North America,"Architectural panel sourcing and China export supply for design teams, buyers, fabricators and contractors"
https://cladvera.vercel.app/privacy,draft,N/A,N/A,200,404,False,True,False,,0,0,Unreviewed content,Retired from public rendering; returns crawlable404 pending source/content review.,Cladvera | Architectural Panels for North America,"Architectural panel sourcing and China export supply for design teams, buyers, fabricators and contractors"
https://cladvera.vercel.app/finishes/vn-oak21,draft,N/A,N/A,200,404,False,True,False,,0,0,Unreviewed content,Retired from public rendering; returns crawlable404 pending source/content review.,Cladvera | Architectural Panels for North America,"Architectural panel sourcing and China export supply for design teams, buyers, fabricators and contractors"
https://cladvera.vercel.app/finishes/vn-wal22,draft,N/A,N/A,200,404,False,True,False,,0,0,Unreviewed content,Retired from public rendering; returns crawlable404 pending source/content review.,Cladvera | Architectural Panels for North America,"Architectural panel sourcing and China export supply for design teams, buyers, fabricators and contractors"
https://cladvera.vercel.app/finishes/uh-sm31,draft,N/A,N/A,200,404,False,True,False,,0,0,Unreviewed content,Retired from public rendering; returns crawlable404 pending source/content review.,Cladvera | Architectural Panels for North America,"Architectural panel sourcing and China export supply for design teams, buyers, fabricators and contractors"
https://cladvera.vercel.app/finishes/uh-sb32,draft,N/A,N/A,200,404,False,True,False,,0,0,Unreviewed content,Retired from public rendering; returns crawlable404 pending source/content review.,Cladvera | Architectural Panels for North America,"Architectural panel sourcing and China export supply for design teams, buyers, fabricators and contractors"
https://cladvera.vercel.app/finishes/uh-rb33,draft,N/A,N/A,200,404,False,True,False,,0,0,Unreviewed content,Retired from public rendering; returns crawlable404 pending source/content review.,Cladvera | Architectural Panels for North America,"Architectural panel sourcing and China export supply for design teams, buyers, fabricators and contractors"
https://cladvera.vercel.app/finishes/uh-bf34,draft,N/A,N/A,200,404,False,True,False,,0,0,Unreviewed content,Retired from public rendering; returns crawlable404 pending source/content review.,Cladvera | Architectural Panels for North America,"Architectural panel sourcing and China export supply for design teams, buyers, fabricators and contractors"
