cluster,keyword,language,market,priority,intent,canonical_route,target_section,placement,evidence_basis,validation_status,coverage
supplier,facade panel supplier,en,US/Canada project inquiries,P0,commercial,/,/,Title; supplier introduction; sourcing section,Catalogue + user-confirmed supplier positioning,"Planning variant; source-backed topic, demand unmeasured",Semantic topic coverage; not an exact-match copy requirement
supplier,architectural panel supplier,en,US/Canada project inquiries,P0,commercial,/,/,Title; supplier introduction; sourcing section,Catalogue + user-confirmed supplier positioning,"Planning variant; source-backed topic, demand unmeasured",Semantic topic coverage; not an exact-match copy requirement
supplier,architectural cladding supplier,en,US/Canada project inquiries,P0,commercial,/,/,Title; supplier introduction; sourcing section,Catalogue + user-confirmed supplier positioning,"Planning variant; source-backed topic, demand unmeasured",Semantic topic coverage; not an exact-match copy requirement
supplier,facade cladding materials supplier,en,US/Canada project inquiries,P0,commercial,/,/,Title; supplier introduction; sourcing section,Catalogue + user-confirmed supplier positioning,"Planning variant; source-backed topic, demand unmeasured",Semantic topic coverage; not an exact-match copy requirement
supplier,architectural wall panel supplier,en,US/Canada project inquiries,P0,commercial,/,/,Title; supplier introduction; sourcing section,Catalogue + user-confirmed supplier positioning,"Planning variant; source-backed topic, demand unmeasured",Semantic topic coverage; not an exact-match copy requirement
supplier,building facade materials supplier,en,US/Canada project inquiries,P0,commercial,/,/,Title; supplier introduction; sourcing section,Catalogue + user-confirmed supplier positioning,"Planning variant; source-backed topic, demand unmeasured",Semantic topic coverage; not an exact-match copy requirement
china-sourcing,architectural panels supplier China,en,US/Canada project inquiries,P0,commercial,/sourcing/china,/sourcing/china,Title; H1; product scope; origin answer,China-sourcing scope + named manufacturer evidence,"Planning variant; source-backed topic, demand unmeasured",Semantic topic coverage; not an exact-match copy requirement
china-sourcing,source facade panels from China,en,US/Canada project inquiries,P0,commercial,/sourcing/china,/sourcing/china,Title; H1; product scope; origin answer,China-sourcing scope + named manufacturer evidence,"Planning variant; source-backed topic, demand unmeasured",Semantic topic coverage; not an exact-match copy requirement
china-sourcing,China cladding panel supplier,en,US/Canada project inquiries,P0,commercial,/sourcing/china,/sourcing/china,Title; H1; product scope; origin answer,China-sourcing scope + named manufacturer evidence,"Planning variant; source-backed topic, demand unmeasured",Semantic topic coverage; not an exact-match copy requirement
china-sourcing,China architectural materials sourcing,en,US/Canada project inquiries,P0,commercial,/sourcing/china,/sourcing/china,Title; H1; product scope; origin answer,China-sourcing scope + named manufacturer evidence,"Planning variant; source-backed topic, demand unmeasured",Semantic topic coverage; not an exact-match copy requirement
china-sourcing,building facade panels China export,en,US/Canada project inquiries,P0,commercial,/sourcing/china,/sourcing/china,Title; H1; product scope; origin answer,China-sourcing scope + named manufacturer evidence,"Planning variant; source-backed topic, demand unmeasured",Semantic topic coverage; not an exact-match copy requirement
china-sourcing,import facade panels from China,en,US/Canada project inquiries,P0,commercial,/sourcing/china,/sourcing/china,Title; H1; product scope; origin answer,China-sourcing scope + named manufacturer evidence,"Planning variant; source-backed topic, demand unmeasured",Semantic topic coverage; not an exact-match copy requirement
china-sourcing,China wall cladding supplier,en,US/Canada project inquiries,P0,commercial,/sourcing/china,/sourcing/china,Title; H1; product scope; origin answer,China-sourcing scope + named manufacturer evidence,"Planning variant; source-backed topic, demand unmeasured",Semantic topic coverage; not an exact-match copy requirement
china-sourcing,architectural panels China to USA,en,US/Canada project inquiries,P0,commercial,/sourcing/china,/sourcing/china,Title; H1; product scope; origin answer,China-sourcing scope + named manufacturer evidence,"Planning variant; source-backed topic, demand unmeasured",Semantic topic coverage; not an exact-match copy requirement
china-sourcing,architectural panels China to Canada,en,US/Canada project inquiries,P0,commercial,/sourcing/china,/sourcing/china,Title; H1; product scope; origin answer,China-sourcing scope + named manufacturer evidence,"Planning variant; source-backed topic, demand unmeasured",Semantic topic coverage; not an exact-match copy requirement
metal-composite,metal composite panel supplier,en,US/Canada project inquiries,P0,commercial,/materials/acm-panels,/materials/acm-panels,Title; introduction; ACM/MCM section; buying questions,https://www.alminecn.com/En/Products/?id=3,"Planning variant; source-backed topic, demand unmeasured",Semantic topic coverage; not an exact-match copy requirement
metal-composite,MCM facade cladding panels,en,US/Canada project inquiries,P0,commercial,/materials/acm-panels,/materials/acm-panels,Title; introduction; ACM/MCM section; buying questions,https://www.alminecn.com/En/Products/?id=3,"Planning variant; source-backed topic, demand unmeasured",Semantic topic coverage; not an exact-match copy requirement
metal-composite,metal composite panels China,en,US/Canada project inquiries,P0,commercial,/materials/acm-panels,/materials/acm-panels,Title; introduction; ACM/MCM section; buying questions,https://www.alminecn.com/En/Products/?id=3,"Planning variant; source-backed topic, demand unmeasured",Semantic topic coverage; not an exact-match copy requirement
metal-composite,architectural metal composite panels,en,US/Canada project inquiries,P0,commercial,/materials/acm-panels,/materials/acm-panels,Title; introduction; ACM/MCM section; buying questions,https://www.alminecn.com/En/Products/?id=3,"Planning variant; source-backed topic, demand unmeasured",Semantic topic coverage; not an exact-match copy requirement
metal-composite,ACM vs MCM panels,en,US/Canada project inquiries,P0,commercial,/materials/acm-panels,/materials/acm-panels,Title; introduction; ACM/MCM section; buying questions,https://www.alminecn.com/En/Products/?id=3,"Planning variant; source-backed topic, demand unmeasured",Semantic topic coverage; not an exact-match copy requirement
metal-composite,aluminum composite panel construction,en,US/Canada project inquiries,P0,commercial,/materials/acm-panels,/materials/acm-panels,Title; introduction; ACM/MCM section; buying questions,https://www.alminecn.com/En/Products/?id=3,"Planning variant; source-backed topic, demand unmeasured",Semantic topic coverage; not an exact-match copy requirement
metal-composite,ACP panel face metal specification,en,US/Canada project inquiries,P0,commercial,/materials/acm-panels,/materials/acm-panels,Title; introduction; ACM/MCM section; buying questions,https://www.alminecn.com/En/Products/?id=3,"Planning variant; source-backed topic, demand unmeasured",Semantic topic coverage; not an exact-match copy requirement
almine-a2,ALMINE A2 metal composite panel,en,US/Canada project inquiries,P1,product-review,/materials/acm-panels/a2-fireproof,/materials/acm-panels/a2-fireproof,Product title; offered construction; document questions,https://www.alminecn.com/En/Products/?id=3,"Planning variant; source-backed topic, demand unmeasured",Semantic topic coverage; not an exact-match copy requirement
almine-a2,A2 metal composite panel supplier,en,US/Canada project inquiries,P1,product-review,/materials/acm-panels/a2-fireproof,/materials/acm-panels/a2-fireproof,Product title; offered construction; document questions,https://www.alminecn.com/En/Products/?id=3,"Planning variant; source-backed topic, demand unmeasured",Semantic topic coverage; not an exact-match copy requirement
almine-a2,A2 cladding panel specification,en,US/Canada project inquiries,P1,product-review,/materials/acm-panels/a2-fireproof,/materials/acm-panels/a2-fireproof,Product title; offered construction; document questions,https://www.alminecn.com/En/Products/?id=3,"Planning variant; source-backed topic, demand unmeasured",Semantic topic coverage; not an exact-match copy requirement
almine-a2,A2 composite panel test report,en,US/Canada project inquiries,P1,product-review,/materials/acm-panels/a2-fireproof,/materials/acm-panels/a2-fireproof,Product title; offered construction; document questions,https://www.alminecn.com/En/Products/?id=3,"Planning variant; source-backed topic, demand unmeasured",Semantic topic coverage; not an exact-match copy requirement
almine-a2,metal composite panel inorganic core,en,US/Canada project inquiries,P1,product-review,/materials/acm-panels/a2-fireproof,/materials/acm-panels/a2-fireproof,Product title; offered construction; document questions,https://www.alminecn.com/En/Products/?id=3,"Planning variant; source-backed topic, demand unmeasured",Semantic topic coverage; not an exact-match copy requirement
almine-a2,A2 panel wall assembly evidence,en,US/Canada project inquiries,P1,product-review,/materials/acm-panels/a2-fireproof,/materials/acm-panels/a2-fireproof,Product title; offered construction; document questions,https://www.alminecn.com/En/Products/?id=3,"Planning variant; source-backed topic, demand unmeasured",Semantic topic coverage; not an exact-match copy requirement
transit,tunnel wall cladding panels,en,US/Canada project inquiries,P1,product-review,/materials/acm-panels/tunnel-traffic,/materials/acm-panels/tunnel-traffic,Product title; technical dossier; related application,https://www.alminecn.com/En/Products/?id=3,"Planning variant; source-backed topic, demand unmeasured",Semantic topic coverage; not an exact-match copy requirement
transit,transit metal composite panels,en,US/Canada project inquiries,P1,product-review,/materials/acm-panels/tunnel-traffic,/materials/acm-panels/tunnel-traffic,Product title; technical dossier; related application,https://www.alminecn.com/En/Products/?id=3,"Planning variant; source-backed topic, demand unmeasured",Semantic topic coverage; not an exact-match copy requirement
transit,rail station wall panel specification,en,US/Canada project inquiries,P1,product-review,/materials/acm-panels/tunnel-traffic,/materials/acm-panels/tunnel-traffic,Product title; technical dossier; related application,https://www.alminecn.com/En/Products/?id=3,"Planning variant; source-backed topic, demand unmeasured",Semantic topic coverage; not an exact-match copy requirement
transit,tunnel lining panel supplier,en,US/Canada project inquiries,P1,product-review,/materials/acm-panels/tunnel-traffic,/materials/acm-panels/tunnel-traffic,Product title; technical dossier; related application,https://www.alminecn.com/En/Products/?id=3,"Planning variant; source-backed topic, demand unmeasured",Semantic topic coverage; not an exact-match copy requirement
transit,ALMINE tunnel traffic panel,en,US/Canada project inquiries,P1,product-review,/materials/acm-panels/tunnel-traffic,/materials/acm-panels/tunnel-traffic,Product title; technical dossier; related application,https://www.alminecn.com/En/Products/?id=3,"Planning variant; source-backed topic, demand unmeasured",Semantic topic coverage; not an exact-match copy requirement
transit,tunnel panel fire smoke reports,en,US/Canada project inquiries,P1,product-review,/materials/acm-panels/tunnel-traffic,/materials/acm-panels/tunnel-traffic,Product title; technical dossier; related application,https://www.alminecn.com/En/Products/?id=3,"Planning variant; source-backed topic, demand unmeasured",Semantic topic coverage; not an exact-match copy requirement
healthcare,healthcare interior wall panels,en,US/Canada project inquiries,P1,product-review,/materials/acm-panels/medical-antibacterial,/materials/acm-panels/medical-antibacterial,Product title; finish evidence; documentation review,https://www.alminecn.com/En/Products/?id=3,"Planning variant; source-backed topic, demand unmeasured",Semantic topic coverage; not an exact-match copy requirement
healthcare,medical metal composite panels,en,US/Canada project inquiries,P1,product-review,/materials/acm-panels/medical-antibacterial,/materials/acm-panels/medical-antibacterial,Product title; finish evidence; documentation review,https://www.alminecn.com/En/Products/?id=3,"Planning variant; source-backed topic, demand unmeasured",Semantic topic coverage; not an exact-match copy requirement
healthcare,hospital wall panel supplier,en,US/Canada project inquiries,P1,product-review,/materials/acm-panels/medical-antibacterial,/materials/acm-panels/medical-antibacterial,Product title; finish evidence; documentation review,https://www.alminecn.com/En/Products/?id=3,"Planning variant; source-backed topic, demand unmeasured",Semantic topic coverage; not an exact-match copy requirement
healthcare,ALMINE medical panel,en,US/Canada project inquiries,P1,product-review,/materials/acm-panels/medical-antibacterial,/materials/acm-panels/medical-antibacterial,Product title; finish evidence; documentation review,https://www.alminecn.com/En/Products/?id=3,"Planning variant; source-backed topic, demand unmeasured",Semantic topic coverage; not an exact-match copy requirement
healthcare,antibacterial wall panel test report,en,US/Canada project inquiries,P1,product-review,/materials/acm-panels/medical-antibacterial,/materials/acm-panels/medical-antibacterial,Product title; finish evidence; documentation review,https://www.alminecn.com/En/Products/?id=3,"Planning variant; source-backed topic, demand unmeasured",Semantic topic coverage; not an exact-match copy requirement
healthcare,hospital panel cleaning compatibility,en,US/Canada project inquiries,P1,product-review,/materials/acm-panels/medical-antibacterial,/materials/acm-panels/medical-antibacterial,Product title; finish evidence; documentation review,https://www.alminecn.com/En/Products/?id=3,"Planning variant; source-backed topic, demand unmeasured",Semantic topic coverage; not an exact-match copy requirement
exterior-hpl,exterior HPL cladding panels,en,US/Canada project inquiries,P0,commercial,/materials/exterior-hpl-panels,/materials/exterior-hpl-panels,Title; HPL definition; specification questions,https://www.compactwood.cn/cn/productsd2.php?pid=309,"Planning variant; source-backed topic, demand unmeasured",Semantic topic coverage; not an exact-match copy requirement
exterior-hpl,HPL facade panel supplier,en,US/Canada project inquiries,P0,commercial,/materials/exterior-hpl-panels,/materials/exterior-hpl-panels,Title; HPL definition; specification questions,https://www.compactwood.cn/cn/productsd2.php?pid=309,"Planning variant; source-backed topic, demand unmeasured",Semantic topic coverage; not an exact-match copy requirement
exterior-hpl,exterior compact laminate panels,en,US/Canada project inquiries,P0,commercial,/materials/exterior-hpl-panels,/materials/exterior-hpl-panels,Title; HPL definition; specification questions,https://www.compactwood.cn/cn/productsd2.php?pid=309,"Planning variant; source-backed topic, demand unmeasured",Semantic topic coverage; not an exact-match copy requirement
exterior-hpl,high pressure laminate facade panels,en,US/Canada project inquiries,P0,commercial,/materials/exterior-hpl-panels,/materials/exterior-hpl-panels,Title; HPL definition; specification questions,https://www.compactwood.cn/cn/productsd2.php?pid=309,"Planning variant; source-backed topic, demand unmeasured",Semantic topic coverage; not an exact-match copy requirement
exterior-hpl,HPL cladding panels China,en,US/Canada project inquiries,P0,commercial,/materials/exterior-hpl-panels,/materials/exterior-hpl-panels,Title; HPL definition; specification questions,https://www.compactwood.cn/cn/productsd2.php?pid=309,"Planning variant; source-backed topic, demand unmeasured",Semantic topic coverage; not an exact-match copy requirement
exterior-hpl,wood fiber HPL facade panels,en,US/Canada project inquiries,P0,commercial,/materials/exterior-hpl-panels,/materials/exterior-hpl-panels,Title; HPL definition; specification questions,https://www.compactwood.cn/cn/productsd2.php?pid=309,"Planning variant; source-backed topic, demand unmeasured",Semantic topic coverage; not an exact-match copy requirement
exterior-hpl,compact laminate facade specification,en,US/Canada project inquiries,P0,commercial,/materials/exterior-hpl-panels,/materials/exterior-hpl-panels,Title; HPL definition; specification questions,https://www.compactwood.cn/cn/productsd2.php?pid=309,"Planning variant; source-backed topic, demand unmeasured",Semantic topic coverage; not an exact-match copy requirement
exterior-hpl,exterior HPL rainscreen panels,en,US/Canada project inquiries,P0,commercial,/materials/exterior-hpl-panels,/materials/exterior-hpl-panels,Title; HPL definition; specification questions,https://www.compactwood.cn/cn/productsd2.php?pid=309,"Planning variant; source-backed topic, demand unmeasured",Semantic topic coverage; not an exact-match copy requirement
compactwood-exterior,Compactwood exterior HPL,en,US/Canada project inquiries,P1,product-review,/materials/exterior-hpl-panels/wood-fiber-facade,/materials/exterior-hpl-panels/wood-fiber-facade,Named product; construction; selection journey,https://www.compactwood.cn/cn/productsd2.php?pid=309,"Planning variant; source-backed topic, demand unmeasured",Semantic topic coverage; not an exact-match copy requirement
compactwood-exterior,Compactwood wood fiber facade board,en,US/Canada project inquiries,P1,product-review,/materials/exterior-hpl-panels/wood-fiber-facade,/materials/exterior-hpl-panels/wood-fiber-facade,Named product; construction; selection journey,https://www.compactwood.cn/cn/productsd2.php?pid=309,"Planning variant; source-backed topic, demand unmeasured",Semantic topic coverage; not an exact-match copy requirement
compactwood-exterior,wood fiber HPL board construction,en,US/Canada project inquiries,P1,product-review,/materials/exterior-hpl-panels/wood-fiber-facade,/materials/exterior-hpl-panels/wood-fiber-facade,Named product; construction; selection journey,https://www.compactwood.cn/cn/productsd2.php?pid=309,"Planning variant; source-backed topic, demand unmeasured",Semantic topic coverage; not an exact-match copy requirement
compactwood-exterior,HPL facade board samples,en,US/Canada project inquiries,P1,product-review,/materials/exterior-hpl-panels/wood-fiber-facade,/materials/exterior-hpl-panels/wood-fiber-facade,Named product; construction; selection journey,https://www.compactwood.cn/cn/productsd2.php?pid=309,"Planning variant; source-backed topic, demand unmeasured",Semantic topic coverage; not an exact-match copy requirement
compactwood-exterior,HPL board fastening layout,en,US/Canada project inquiries,P1,product-review,/materials/exterior-hpl-panels/wood-fiber-facade,/materials/exterior-hpl-panels/wood-fiber-facade,Named product; construction; selection journey,https://www.compactwood.cn/cn/productsd2.php?pid=309,"Planning variant; source-backed topic, demand unmeasured",Semantic topic coverage; not an exact-match copy requirement
compactwood-exterior,Compactwood facade technical documents,en,US/Canada project inquiries,P1,product-review,/materials/exterior-hpl-panels/wood-fiber-facade,/materials/exterior-hpl-panels/wood-fiber-facade,Named product; construction; selection journey,https://www.compactwood.cn/cn/productsd2.php?pid=309,"Planning variant; source-backed topic, demand unmeasured",Semantic topic coverage; not an exact-match copy requirement
interior-board,interior decorative board supplier,en,US/Canada project inquiries,P1,commercial,/materials/interior-hpl-panels,/materials/interior-hpl-panels,Title; construction qualifier; interior selection questions,https://www.compactwood.cn/cn/productsd2.php?pid=289,"Planning variant; source-backed topic, demand unmeasured",Semantic topic coverage; not an exact-match copy requirement
interior-board,decorative wall and ceiling boards,en,US/Canada project inquiries,P1,commercial,/materials/interior-hpl-panels,/materials/interior-hpl-panels,Title; construction qualifier; interior selection questions,https://www.compactwood.cn/cn/productsd2.php?pid=289,"Planning variant; source-backed topic, demand unmeasured",Semantic topic coverage; not an exact-match copy requirement
interior-board,interior wall boards China,en,US/Canada project inquiries,P1,commercial,/materials/interior-hpl-panels,/materials/interior-hpl-panels,Title; construction qualifier; interior selection questions,https://www.compactwood.cn/cn/productsd2.php?pid=289,"Planning variant; source-backed topic, demand unmeasured",Semantic topic coverage; not an exact-match copy requirement
interior-board,high pressure cured decorative board,en,US/Canada project inquiries,P1,commercial,/materials/interior-hpl-panels,/materials/interior-hpl-panels,Title; construction qualifier; interior selection questions,https://www.compactwood.cn/cn/productsd2.php?pid=289,"Planning variant; source-backed topic, demand unmeasured",Semantic topic coverage; not an exact-match copy requirement
interior-board,architectural interior surface boards,en,US/Canada project inquiries,P1,commercial,/materials/interior-hpl-panels,/materials/interior-hpl-panels,Title; construction qualifier; interior selection questions,https://www.compactwood.cn/cn/productsd2.php?pid=289,"Planning variant; source-backed topic, demand unmeasured",Semantic topic coverage; not an exact-match copy requirement
interior-board,interior decorative board specification,en,US/Canada project inquiries,P1,commercial,/materials/interior-hpl-panels,/materials/interior-hpl-panels,Title; construction qualifier; interior selection questions,https://www.compactwood.cn/cn/productsd2.php?pid=289,"Planning variant; source-backed topic, demand unmeasured",Semantic topic coverage; not an exact-match copy requirement
compactwood-interior,Compactwood Paste Special Board,en,US/Canada project inquiries,P1,product-review,/materials/interior-hpl-panels/paste-special-board,/materials/interior-hpl-panels/paste-special-board,Named product; exact core question; documents,https://www.compactwood.cn/cn/productsd2.php?pid=289,"Planning variant; source-backed topic, demand unmeasured",Semantic topic coverage; not an exact-match copy requirement
compactwood-interior,Compactwood interior board,en,US/Canada project inquiries,P1,product-review,/materials/interior-hpl-panels/paste-special-board,/materials/interior-hpl-panels/paste-special-board,Named product; exact core question; documents,https://www.compactwood.cn/cn/productsd2.php?pid=289,"Planning variant; source-backed topic, demand unmeasured",Semantic topic coverage; not an exact-match copy requirement
compactwood-interior,Paste Special Board core,en,US/Canada project inquiries,P1,product-review,/materials/interior-hpl-panels/paste-special-board,/materials/interior-hpl-panels/paste-special-board,Named product; exact core question; documents,https://www.compactwood.cn/cn/productsd2.php?pid=289,"Planning variant; source-backed topic, demand unmeasured",Semantic topic coverage; not an exact-match copy requirement
compactwood-interior,Compactwood wall and ceiling board,en,US/Canada project inquiries,P1,product-review,/materials/interior-hpl-panels/paste-special-board,/materials/interior-hpl-panels/paste-special-board,Named product; exact core question; documents,https://www.compactwood.cn/cn/productsd2.php?pid=289,"Planning variant; source-backed topic, demand unmeasured",Semantic topic coverage; not an exact-match copy requirement
compactwood-interior,interior board adhesive compatibility,en,US/Canada project inquiries,P1,product-review,/materials/interior-hpl-panels/paste-special-board,/materials/interior-hpl-panels/paste-special-board,Named product; exact core question; documents,https://www.compactwood.cn/cn/productsd2.php?pid=289,"Planning variant; source-backed topic, demand unmeasured",Semantic topic coverage; not an exact-match copy requirement
gfrp,custom GFRP architectural elements,en,US/Canada project inquiries,P0,commercial,/materials/gfrp-custom-elements,/materials/gfrp-custom-elements,Title; GFRP/GRP definition; form/RFQ sections; questions,Kinflare supplier excerpt /documents/gfrp/kinflare-frp-capabilities-excerpt-2023.pdf,"Planning variant; source-backed topic, demand unmeasured",Semantic topic coverage; not an exact-match copy requirement
gfrp,GRP architectural cladding supplier,en,US/Canada project inquiries,P0,commercial,/materials/gfrp-custom-elements,/materials/gfrp-custom-elements,Title; GFRP/GRP definition; form/RFQ sections; questions,Kinflare supplier excerpt /documents/gfrp/kinflare-frp-capabilities-excerpt-2023.pdf,"Planning variant; source-backed topic, demand unmeasured",Semantic topic coverage; not an exact-match copy requirement
gfrp,custom fiberglass facade panels,en,US/Canada project inquiries,P0,commercial,/materials/gfrp-custom-elements,/materials/gfrp-custom-elements,Title; GFRP/GRP definition; form/RFQ sections; questions,Kinflare supplier excerpt /documents/gfrp/kinflare-frp-capabilities-excerpt-2023.pdf,"Planning variant; source-backed topic, demand unmeasured",Semantic topic coverage; not an exact-match copy requirement
gfrp,molded GFRP facade components,en,US/Canada project inquiries,P0,commercial,/materials/gfrp-custom-elements,/materials/gfrp-custom-elements,Title; GFRP/GRP definition; form/RFQ sections; questions,Kinflare supplier excerpt /documents/gfrp/kinflare-frp-capabilities-excerpt-2023.pdf,"Planning variant; source-backed topic, demand unmeasured",Semantic topic coverage; not an exact-match copy requirement
gfrp,curved GRP cladding panels,en,US/Canada project inquiries,P0,commercial,/materials/gfrp-custom-elements,/materials/gfrp-custom-elements,Title; GFRP/GRP definition; form/RFQ sections; questions,Kinflare supplier excerpt /documents/gfrp/kinflare-frp-capabilities-excerpt-2023.pdf,"Planning variant; source-backed topic, demand unmeasured",Semantic topic coverage; not an exact-match copy requirement
gfrp,GFRP architectural elements China,en,US/Canada project inquiries,P0,commercial,/materials/gfrp-custom-elements,/materials/gfrp-custom-elements,Title; GFRP/GRP definition; form/RFQ sections; questions,Kinflare supplier excerpt /documents/gfrp/kinflare-frp-capabilities-excerpt-2023.pdf,"Planning variant; source-backed topic, demand unmeasured",Semantic topic coverage; not an exact-match copy requirement
gfrp,custom molded fiberglass soffits,en,US/Canada project inquiries,P0,commercial,/materials/gfrp-custom-elements,/materials/gfrp-custom-elements,Title; GFRP/GRP definition; form/RFQ sections; questions,Kinflare supplier excerpt /documents/gfrp/kinflare-frp-capabilities-excerpt-2023.pdf,"Planning variant; source-backed topic, demand unmeasured",Semantic topic coverage; not an exact-match copy requirement
gfrp,GFRP tooling and mock up,en,US/Canada project inquiries,P0,commercial,/materials/gfrp-custom-elements,/materials/gfrp-custom-elements,Title; GFRP/GRP definition; form/RFQ sections; questions,Kinflare supplier excerpt /documents/gfrp/kinflare-frp-capabilities-excerpt-2023.pdf,"Planning variant; source-backed topic, demand unmeasured",Semantic topic coverage; not an exact-match copy requirement
gfrp,GRP architectural forms supplier,en,US/Canada project inquiries,P0,commercial,/materials/gfrp-custom-elements,/materials/gfrp-custom-elements,Title; GFRP/GRP definition; form/RFQ sections; questions,Kinflare supplier excerpt /documents/gfrp/kinflare-frp-capabilities-excerpt-2023.pdf,"Planning variant; source-backed topic, demand unmeasured",Semantic topic coverage; not an exact-match copy requirement
uhpc,architectural UHPC facade panels,en,US/Canada project inquiries,P1,commercial,/suppliers/taktl,/suppliers/taktl,Manufacturer collection; material guide link; product families,https://taktl.com/made-in-usa/,"Planning variant; source-backed topic, demand unmeasured",Semantic topic coverage; not an exact-match copy requirement
uhpc,TAKTL UHPC panels,en,US/Canada project inquiries,P1,commercial,/suppliers/taktl,/suppliers/taktl,Manufacturer collection; material guide link; product families,https://taktl.com/made-in-usa/,"Planning variant; source-backed topic, demand unmeasured",Semantic topic coverage; not an exact-match copy requirement
uhpc,ultra high performance concrete cladding,en,US/Canada project inquiries,P1,commercial,/suppliers/taktl,/suppliers/taktl,Manufacturer collection; material guide link; product families,https://taktl.com/made-in-usa/,"Planning variant; source-backed topic, demand unmeasured",Semantic topic coverage; not an exact-match copy requirement
uhpc,architectural concrete panel textures,en,US/Canada project inquiries,P1,commercial,/suppliers/taktl,/suppliers/taktl,Manufacturer collection; material guide link; product families,https://taktl.com/made-in-usa/,"Planning variant; source-backed topic, demand unmeasured",Semantic topic coverage; not an exact-match copy requirement
uhpc,TAKTL rainscreen panels,en,US/Canada project inquiries,P1,commercial,/suppliers/taktl,/suppliers/taktl,Manufacturer collection; material guide link; product families,https://taktl.com/made-in-usa/,"Planning variant; source-backed topic, demand unmeasured",Semantic topic coverage; not an exact-match copy requirement
uhpc,UHPC facade panel selection,en,US/Canada project inquiries,P1,commercial,/suppliers/taktl,/suppliers/taktl,Manufacturer collection; material guide link; product families,https://taktl.com/made-in-usa/,"Planning variant; source-backed topic, demand unmeasured",Semantic topic coverage; not an exact-match copy requirement
uhpc-facade,TAKTL facade elements,en,US/Canada project inquiries,P1,product-review,/suppliers/taktl/facade-elements,/suppliers/taktl/facade-elements,Named facade product dossier,https://taktl.com/facade-elements/,"Planning variant; source-backed topic, demand unmeasured",Semantic topic coverage; not an exact-match copy requirement
uhpc-facade,A UHPC facade panels,en,US/Canada project inquiries,P1,product-review,/suppliers/taktl/facade-elements,/suppliers/taktl/facade-elements,Named facade product dossier,https://taktl.com/facade-elements/,"Planning variant; source-backed topic, demand unmeasured",Semantic topic coverage; not an exact-match copy requirement
uhpc-facade,TAKTL concrete cladding details,en,US/Canada project inquiries,P1,product-review,/suppliers/taktl/facade-elements,/suppliers/taktl/facade-elements,Named facade product dossier,https://taktl.com/facade-elements/,"Planning variant; source-backed topic, demand unmeasured",Semantic topic coverage; not an exact-match copy requirement
uhpc-facade,TAKTL facade panel documents,en,US/Canada project inquiries,P1,product-review,/suppliers/taktl/facade-elements,/suppliers/taktl/facade-elements,Named facade product dossier,https://taktl.com/facade-elements/,"Planning variant; source-backed topic, demand unmeasured",Semantic topic coverage; not an exact-match copy requirement
uhpc-aggregate,TAKTL KORSA panels,en,US/Canada project inquiries,P2,product-review,/suppliers/taktl/korsa-aggregate,/suppliers/taktl/korsa-aggregate,Named aggregate product dossier,https://taktl.com/,"Planning variant; source-backed topic, demand unmeasured",Semantic topic coverage; not an exact-match copy requirement
uhpc-aggregate,aggregate UHPC facade panels,en,US/Canada project inquiries,P2,product-review,/suppliers/taktl/korsa-aggregate,/suppliers/taktl/korsa-aggregate,Named aggregate product dossier,https://taktl.com/,"Planning variant; source-backed topic, demand unmeasured",Semantic topic coverage; not an exact-match copy requirement
uhpc-aggregate,architectural aggregate concrete surfaces,en,US/Canada project inquiries,P2,product-review,/suppliers/taktl/korsa-aggregate,/suppliers/taktl/korsa-aggregate,Named aggregate product dossier,https://taktl.com/,"Planning variant; source-backed topic, demand unmeasured",Semantic topic coverage; not an exact-match copy requirement
uhpc-aggregate,KORSA facade panel samples,en,US/Canada project inquiries,P2,product-review,/suppliers/taktl/korsa-aggregate,/suppliers/taktl/korsa-aggregate,Named aggregate product dossier,https://taktl.com/,"Planning variant; source-backed topic, demand unmeasured",Semantic topic coverage; not an exact-match copy requirement
uhpc-sola,TAKTL SOLA panels,en,US/Canada project inquiries,P2,product-review,/suppliers/taktl/sola,/suppliers/taktl/sola,Manufacturer-attributed named product dossier,https://taktl.com/,"Planning variant; source-backed topic, demand unmeasured",Semantic topic coverage; not an exact-match copy requirement
uhpc-sola,SOLA architectural UHPC,en,US/Canada project inquiries,P2,product-review,/suppliers/taktl/sola,/suppliers/taktl/sola,Manufacturer-attributed named product dossier,https://taktl.com/,"Planning variant; source-backed topic, demand unmeasured",Semantic topic coverage; not an exact-match copy requirement
uhpc-sola,TAKTL self cleaning panels,en,US/Canada project inquiries,P2,product-review,/suppliers/taktl/sola,/suppliers/taktl/sola,Manufacturer-attributed named product dossier,https://taktl.com/,"Planning variant; source-backed topic, demand unmeasured",Semantic topic coverage; not an exact-match copy requirement
uhpc-sola,SOLA facade panel documents,en,US/Canada project inquiries,P2,product-review,/suppliers/taktl/sola,/suppliers/taktl/sola,Manufacturer-attributed named product dossier,https://taktl.com/,"Planning variant; source-backed topic, demand unmeasured",Semantic topic coverage; not an exact-match copy requirement
uhpc-custom,custom UHPC architectural elements,en,US/Canada project inquiries,P1,product-review,/suppliers/taktl/custom-elements,/suppliers/taktl/custom-elements,Custom geometry dossier; RFQ requirements,https://taktl.com/,"Planning variant; source-backed topic, demand unmeasured",Semantic topic coverage; not an exact-match copy requirement
uhpc-custom,TAKTL custom concrete forms,en,US/Canada project inquiries,P1,product-review,/suppliers/taktl/custom-elements,/suppliers/taktl/custom-elements,Custom geometry dossier; RFQ requirements,https://taktl.com/,"Planning variant; source-backed topic, demand unmeasured",Semantic topic coverage; not an exact-match copy requirement
uhpc-custom,custom cast facade elements,en,US/Canada project inquiries,P1,product-review,/suppliers/taktl/custom-elements,/suppliers/taktl/custom-elements,Custom geometry dossier; RFQ requirements,https://taktl.com/,"Planning variant; source-backed topic, demand unmeasured",Semantic topic coverage; not an exact-match copy requirement
uhpc-custom,UHPC facade returns and corners,en,US/Canada project inquiries,P1,product-review,/suppliers/taktl/custom-elements,/suppliers/taktl/custom-elements,Custom geometry dossier; RFQ requirements,https://taktl.com/,"Planning variant; source-backed topic, demand unmeasured",Semantic topic coverage; not an exact-match copy requirement
attachment,TAKTL panel attachment components,en,US/Canada project inquiries,P1,technical,/suppliers/taktl/hardware,/suppliers/taktl/hardware,Compatible manufacturer components; engineering scope,https://taktl.com/,"Planning variant; source-backed topic, demand unmeasured",Semantic topic coverage; not an exact-match copy requirement
attachment,TAKTL facade panel anchors,en,US/Canada project inquiries,P1,technical,/suppliers/taktl/hardware,/suppliers/taktl/hardware,Compatible manufacturer components; engineering scope,https://taktl.com/,"Planning variant; source-backed topic, demand unmeasured",Semantic topic coverage; not an exact-match copy requirement
attachment,UHPC panel fixing details,en,US/Canada project inquiries,P1,technical,/suppliers/taktl/hardware,/suppliers/taktl/hardware,Compatible manufacturer components; engineering scope,https://taktl.com/,"Planning variant; source-backed topic, demand unmeasured",Semantic topic coverage; not an exact-match copy requirement
attachment,TAKTL rails clips and fasteners,en,US/Canada project inquiries,P1,technical,/suppliers/taktl/hardware,/suppliers/taktl/hardware,Compatible manufacturer components; engineering scope,https://taktl.com/,"Planning variant; source-backed topic, demand unmeasured",Semantic topic coverage; not an exact-match copy requirement
material-comparison,ACM HPL UHPC GFRP comparison,en,US/Canada project inquiries,P0,informational,/guides/facade-materials,/guides/facade-materials,Title; comparison matrix; material sections; questions,Named product sources + MCA material terminology,"Planning variant; source-backed topic, demand unmeasured",Semantic topic coverage; not an exact-match copy requirement
material-comparison,facade cladding material selection,en,US/Canada project inquiries,P0,informational,/guides/facade-materials,/guides/facade-materials,Title; comparison matrix; material sections; questions,Named product sources + MCA material terminology,"Planning variant; source-backed topic, demand unmeasured",Semantic topic coverage; not an exact-match copy requirement
material-comparison,ACM vs MCM vs ACP,en,US/Canada project inquiries,P0,informational,/guides/facade-materials,/guides/facade-materials,Title; comparison matrix; material sections; questions,Named product sources + MCA material terminology,"Planning variant; source-backed topic, demand unmeasured",Semantic topic coverage; not an exact-match copy requirement
material-comparison,GFRP vs GRP vs GFRC,en,US/Canada project inquiries,P0,informational,/guides/facade-materials,/guides/facade-materials,Title; comparison matrix; material sections; questions,Named product sources + MCA material terminology,"Planning variant; source-backed topic, demand unmeasured",Semantic topic coverage; not an exact-match copy requirement
material-comparison,exterior HPL vs interior decorative board,en,US/Canada project inquiries,P0,informational,/guides/facade-materials,/guides/facade-materials,Title; comparison matrix; material sections; questions,Named product sources + MCA material terminology,"Planning variant; source-backed topic, demand unmeasured",Semantic topic coverage; not an exact-match copy requirement
material-comparison,facade panel material types,en,US/Canada project inquiries,P0,informational,/guides/facade-materials,/guides/facade-materials,Title; comparison matrix; material sections; questions,Named product sources + MCA material terminology,"Planning variant; source-backed topic, demand unmeasured",Semantic topic coverage; not an exact-match copy requirement
material-comparison,how to compare facade panel materials,en,US/Canada project inquiries,P0,informational,/guides/facade-materials,/guides/facade-materials,Title; comparison matrix; material sections; questions,Named product sources + MCA material terminology,"Planning variant; source-backed topic, demand unmeasured",Semantic topic coverage; not an exact-match copy requirement
material-comparison,architectural cladding specification inputs,en,US/Canada project inquiries,P0,informational,/guides/facade-materials,/guides/facade-materials,Title; comparison matrix; material sections; questions,Named product sources + MCA material terminology,"Planning variant; source-backed topic, demand unmeasured",Semantic topic coverage; not an exact-match copy requirement
architects,facade panel specification for architects,en,US/Canada project inquiries,P1,informational,/architects,/architects,Selection and specification workflow,Catalogue + project workflow,"Planning variant; source-backed topic, demand unmeasured",Semantic topic coverage; not an exact-match copy requirement
architects,architectural material selection guide,en,US/Canada project inquiries,P1,informational,/architects,/architects,Selection and specification workflow,Catalogue + project workflow,"Planning variant; source-backed topic, demand unmeasured",Semantic topic coverage; not an exact-match copy requirement
architects,cladding material sample review,en,US/Canada project inquiries,P1,informational,/architects,/architects,Selection and specification workflow,Catalogue + project workflow,"Planning variant; source-backed topic, demand unmeasured",Semantic topic coverage; not an exact-match copy requirement
architects,facade panel specification checklist,en,US/Canada project inquiries,P1,informational,/architects,/architects,Selection and specification workflow,Catalogue + project workflow,"Planning variant; source-backed topic, demand unmeasured",Semantic topic coverage; not an exact-match copy requirement
architects,architectural panel mock up review,en,US/Canada project inquiries,P1,informational,/architects,/architects,Selection and specification workflow,Catalogue + project workflow,"Planning variant; source-backed topic, demand unmeasured",Semantic topic coverage; not an exact-match copy requirement
procurement,facade panel RFQ checklist,en,US/Canada project inquiries,P0,transactional,/procurement,/procurement,RFQ checklist; quote comparison; shipment scope; questions,Project procurement workflow; linked official import sources,"Planning variant; source-backed topic, demand unmeasured",Semantic topic coverage; not an exact-match copy requirement
procurement,architectural panel procurement,en,US/Canada project inquiries,P0,transactional,/procurement,/procurement,RFQ checklist; quote comparison; shipment scope; questions,Project procurement workflow; linked official import sources,"Planning variant; source-backed topic, demand unmeasured",Semantic topic coverage; not an exact-match copy requirement
procurement,cladding panel quotation requirements,en,US/Canada project inquiries,P0,transactional,/procurement,/procurement,RFQ checklist; quote comparison; shipment scope; questions,Project procurement workflow; linked official import sources,"Planning variant; source-backed topic, demand unmeasured",Semantic topic coverage; not an exact-match copy requirement
procurement,compare facade panel quotes,en,US/Canada project inquiries,P0,transactional,/procurement,/procurement,RFQ checklist; quote comparison; shipment scope; questions,Project procurement workflow; linked official import sources,"Planning variant; source-backed topic, demand unmeasured",Semantic topic coverage; not an exact-match copy requirement
procurement,panel export packing requirements,en,US/Canada project inquiries,P0,transactional,/procurement,/procurement,RFQ checklist; quote comparison; shipment scope; questions,Project procurement workflow; linked official import sources,"Planning variant; source-backed topic, demand unmeasured",Semantic topic coverage; not an exact-match copy requirement
procurement,architectural panel minimum order quantity,en,US/Canada project inquiries,P0,transactional,/procurement,/procurement,RFQ checklist; quote comparison; shipment scope; questions,Project procurement workflow; linked official import sources,"Planning variant; source-backed topic, demand unmeasured",Semantic topic coverage; not an exact-match copy requirement
procurement,facade panel lead time inquiry,en,US/Canada project inquiries,P0,transactional,/procurement,/procurement,RFQ checklist; quote comparison; shipment scope; questions,Project procurement workflow; linked official import sources,"Planning variant; source-backed topic, demand unmeasured",Semantic topic coverage; not an exact-match copy requirement
procurement,custom GFRP mold cost quotation,en,US/Canada project inquiries,P0,transactional,/procurement,/procurement,RFQ checklist; quote comparison; shipment scope; questions,Project procurement workflow; linked official import sources,"Planning variant; source-backed topic, demand unmeasured",Semantic topic coverage; not an exact-match copy requirement
procurement,architectural panel sample approval process,en,US/Canada project inquiries,P0,transactional,/procurement,/procurement,RFQ checklist; quote comparison; shipment scope; questions,Project procurement workflow; linked official import sources,"Planning variant; source-backed topic, demand unmeasured",Semantic topic coverage; not an exact-match copy requirement
technical-documents,facade panel technical documents,en,US/Canada project inquiries,P1,technical,/technical-resources,/technical-resources,Title; document register; review package,Actual linked manufacturer documents and request status,"Planning variant; source-backed topic, demand unmeasured",Semantic topic coverage; not an exact-match copy requirement
technical-documents,architectural panel submittal package,en,US/Canada project inquiries,P1,technical,/technical-resources,/technical-resources,Title; document register; review package,Actual linked manufacturer documents and request status,"Planning variant; source-backed topic, demand unmeasured",Semantic topic coverage; not an exact-match copy requirement
technical-documents,cladding panel test reports,en,US/Canada project inquiries,P1,technical,/technical-resources,/technical-resources,Title; document register; review package,Actual linked manufacturer documents and request status,"Planning variant; source-backed topic, demand unmeasured",Semantic topic coverage; not an exact-match copy requirement
technical-documents,HPL facade technical data,en,US/Canada project inquiries,P1,technical,/technical-resources,/technical-resources,Title; document register; review package,Actual linked manufacturer documents and request status,"Planning variant; source-backed topic, demand unmeasured",Semantic topic coverage; not an exact-match copy requirement
technical-documents,MCM panel construction data sheet,en,US/Canada project inquiries,P1,technical,/technical-resources,/technical-resources,Title; document register; review package,Actual linked manufacturer documents and request status,"Planning variant; source-backed topic, demand unmeasured",Semantic topic coverage; not an exact-match copy requirement
technical-documents,GFRP laminate fire report,en,US/Canada project inquiries,P1,technical,/technical-resources,/technical-resources,Title; document register; review package,Actual linked manufacturer documents and request status,"Planning variant; source-backed topic, demand unmeasured",Semantic topic coverage; not an exact-match copy requirement
technical-documents,UHPC panel attachment details,en,US/Canada project inquiries,P1,technical,/technical-resources,/technical-resources,Title; document register; review package,Actual linked manufacturer documents and request status,"Planning variant; source-backed topic, demand unmeasured",Semantic topic coverage; not an exact-match copy requirement
technical-documents,facade panel CAD BIM request,en,US/Canada project inquiries,P1,technical,/technical-resources,/technical-resources,Title; document register; review package,Actual linked manufacturer documents and request status,"Planning variant; source-backed topic, demand unmeasured",Semantic topic coverage; not an exact-match copy requirement
import-planning,import cladding panels from China to USA,en,US/Canada project inquiries,P0,informational,/sourcing/china,/sourcing/china#import-planning,Import planning; source links; questions,https://www.cbsa-asfc.gc.ca/import/guide-eng.html,"Planning variant; source-backed topic, demand unmeasured",Semantic topic coverage; not an exact-match copy requirement
import-planning,import wall panels from China to Canada,en,US/Canada project inquiries,P0,informational,/sourcing/china,/sourcing/china#import-planning,Import planning; source links; questions,https://www.cbsa-asfc.gc.ca/import/guide-eng.html,"Planning variant; source-backed topic, demand unmeasured",Semantic topic coverage; not an exact-match copy requirement
import-planning,architectural panel country of origin,en,US/Canada project inquiries,P0,informational,/sourcing/china,/sourcing/china#import-planning,Import planning; source links; questions,https://www.cbsa-asfc.gc.ca/import/guide-eng.html,"Planning variant; source-backed topic, demand unmeasured",Semantic topic coverage; not an exact-match copy requirement
import-planning,cladding panel landed cost inputs,en,US/Canada project inquiries,P0,informational,/sourcing/china,/sourcing/china#import-planning,Import planning; source links; questions,https://www.cbsa-asfc.gc.ca/import/guide-eng.html,"Planning variant; source-backed topic, demand unmeasured",Semantic topic coverage; not an exact-match copy requirement
import-planning,China panel export shipping documents,en,US/Canada project inquiries,P0,informational,/sourcing/china,/sourcing/china#import-planning,Import planning; source links; questions,https://www.cbsa-asfc.gc.ca/import/guide-eng.html,"Planning variant; source-backed topic, demand unmeasured",Semantic topic coverage; not an exact-match copy requirement
import-planning,facade panels commercial invoice packing list,en,US/Canada project inquiries,P0,informational,/sourcing/china,/sourcing/china#import-planning,Import planning; source links; questions,https://www.cbsa-asfc.gc.ca/import/guide-eng.html,"Planning variant; source-backed topic, demand unmeasured",Semantic topic coverage; not an exact-match copy requirement
import-planning,architectural panel importer responsibilities,en,US/Canada project inquiries,P0,informational,/sourcing/china,/sourcing/china#import-planning,Import planning; source links; questions,https://www.cbsa-asfc.gc.ca/import/guide-eng.html,"Planning variant; source-backed topic, demand unmeasured",Semantic topic coverage; not an exact-match copy requirement
applications,exterior facade panel materials,en,US/Canada project inquiries,P1,informational,/applications,/applications,Five canonical application sections,Catalogue listed application candidates,"Planning variant; source-backed topic, demand unmeasured",Semantic topic coverage; not an exact-match copy requirement
applications,interior wall and ceiling panel selection,en,US/Canada project inquiries,P1,informational,/applications,/applications,Five canonical application sections,Catalogue listed application candidates,"Planning variant; source-backed topic, demand unmeasured",Semantic topic coverage; not an exact-match copy requirement
applications,transit tunnel panel materials,en,US/Canada project inquiries,P1,informational,/applications,/applications,Five canonical application sections,Catalogue listed application candidates,"Planning variant; source-backed topic, demand unmeasured",Semantic topic coverage; not an exact-match copy requirement
applications,healthcare interior panel selection,en,US/Canada project inquiries,P1,informational,/applications,/applications,Five canonical application sections,Catalogue listed application candidates,"Planning variant; source-backed topic, demand unmeasured",Semantic topic coverage; not an exact-match copy requirement
applications,custom architectural form materials,en,US/Canada project inquiries,P1,informational,/applications,/applications,Five canonical application sections,Catalogue listed application candidates,"Planning variant; source-backed topic, demand unmeasured",Semantic topic coverage; not an exact-match copy requirement
china-sourcing,Can I source facade panels from China through a supplier?,en,US/Canada project inquiries,P0,GEO buyer question,/sourcing/china,/sourcing/china#questions,Visible answers and supporting source/product links,Buyer question derived from reviewed catalogue and procurement requirements,Prompt hypothesis; no measured query volume or citation result,Answer/topic coverage; not a promise of AI citation
china-sourcing,Which Cladvera products are part of China sourcing?,en,US/Canada project inquiries,P0,GEO buyer question,/sourcing/china,/sourcing/china#questions,Visible answers and supporting source/product links,Buyer question derived from reviewed catalogue and procurement requirements,Prompt hypothesis; no measured query volume or citation result,Answer/topic coverage; not a promise of AI citation
china-sourcing,Is Cladvera a manufacturer or a supplier?,en,US/Canada project inquiries,P0,GEO buyer question,/sourcing/china,/sourcing/china#questions,Visible answers and supporting source/product links,Buyer question derived from reviewed catalogue and procurement requirements,Prompt hypothesis; no measured query volume or citation result,Answer/topic coverage; not a promise of AI citation
china-sourcing,Are TAKTL UHPC panels made in China?,en,US/Canada project inquiries,P0,GEO buyer question,/sourcing/china,/sourcing/china#questions,Visible answers and supporting source/product links,Buyer question derived from reviewed catalogue and procurement requirements,Prompt hypothesis; no measured query volume or citation result,Answer/topic coverage; not a promise of AI citation
import-planning,What information does my customs broker need for architectural panels?,en,US/Canada project inquiries,P0,GEO buyer question,/sourcing/china,/sourcing/china#import-planning,Visible answers and supporting source/product links,Buyer question derived from reviewed catalogue and procurement requirements,Prompt hypothesis; no measured query volume or citation result,Answer/topic coverage; not a promise of AI citation
import-planning,Does the country of dispatch establish the country of origin?,en,US/Canada project inquiries,P0,GEO buyer question,/sourcing/china,/sourcing/china#import-planning,Visible answers and supporting source/product links,Buyer question derived from reviewed catalogue and procurement requirements,Prompt hypothesis; no measured query volume or citation result,Answer/topic coverage; not a promise of AI citation
import-planning,Who pays duties and taxes on imported facade panels?,en,US/Canada project inquiries,P0,GEO buyer question,/sourcing/china,/sourcing/china#import-planning,Visible answers and supporting source/product links,Buyer question derived from reviewed catalogue and procurement requirements,Prompt hypothesis; no measured query volume or citation result,Answer/topic coverage; not a promise of AI citation
import-planning,What should I check before importing panels into Canada?,en,US/Canada project inquiries,P0,GEO buyer question,/sourcing/china,/sourcing/china#import-planning,Visible answers and supporting source/product links,Buyer question derived from reviewed catalogue and procurement requirements,Prompt hypothesis; no measured query volume or citation result,Answer/topic coverage; not a promise of AI citation
import-planning,What should I check before importing China-origin panels into the United States?,en,US/Canada project inquiries,P0,GEO buyer question,/sourcing/china,/sourcing/china#import-planning,Visible answers and supporting source/product links,Buyer question derived from reviewed catalogue and procurement requirements,Prompt hypothesis; no measured query volume or citation result,Answer/topic coverage; not a promise of AI citation
procurement,What should a facade panel RFQ include?,en,US/Canada project inquiries,P0,GEO buyer question,/procurement,/procurement,Visible answers and supporting source/product links,Buyer question derived from reviewed catalogue and procurement requirements,Prompt hypothesis; no measured query volume or citation result,Answer/topic coverage; not a promise of AI citation
procurement,How do I compare panel quotations with different delivery terms?,en,US/Canada project inquiries,P0,GEO buyer question,/procurement,/procurement,Visible answers and supporting source/product links,Buyer question derived from reviewed catalogue and procurement requirements,Prompt hypothesis; no measured query volume or citation result,Answer/topic coverage; not a promise of AI citation
procurement,How are minimum order quantities and lead times confirmed?,en,US/Canada project inquiries,P0,GEO buyer question,/procurement,/procurement,Visible answers and supporting source/product links,Buyer question derived from reviewed catalogue and procurement requirements,Prompt hypothesis; no measured query volume or citation result,Answer/topic coverage; not a promise of AI citation
procurement,What should be agreed before approving export packaging?,en,US/Canada project inquiries,P0,GEO buyer question,/procurement,/procurement,Visible answers and supporting source/product links,Buyer question derived from reviewed catalogue and procurement requirements,Prompt hypothesis; no measured query volume or citation result,Answer/topic coverage; not a promise of AI citation
material-comparison,What is the difference between ACM ACP and MCM panels?,en,US/Canada project inquiries,P0,GEO buyer question,/guides/facade-materials,/guides/facade-materials#questions,Visible answers and supporting source/product links,Buyer question derived from reviewed catalogue and procurement requirements,Prompt hypothesis; no measured query volume or citation result,Answer/topic coverage; not a promise of AI citation
material-comparison,Are GFRP GRP and GFRC the same material?,en,US/Canada project inquiries,P0,GEO buyer question,/guides/facade-materials,/guides/facade-materials#questions,Visible answers and supporting source/product links,Buyer question derived from reviewed catalogue and procurement requirements,Prompt hypothesis; no measured query volume or citation result,Answer/topic coverage; not a promise of AI citation
material-comparison,Can interior decorative boards be used instead of exterior HPL?,en,US/Canada project inquiries,P0,GEO buyer question,/guides/facade-materials,/guides/facade-materials#questions,Visible answers and supporting source/product links,Buyer question derived from reviewed catalogue and procurement requirements,Prompt hypothesis; no measured query volume or citation result,Answer/topic coverage; not a promise of AI citation
material-comparison,Does an A2 panel classification approve the complete wall assembly?,en,US/Canada project inquiries,P0,GEO buyer question,/guides/facade-materials,/guides/facade-materials#questions,Visible answers and supporting source/product links,Buyer question derived from reviewed catalogue and procurement requirements,Prompt hypothesis; no measured query volume or citation result,Answer/topic coverage; not a promise of AI citation
material-comparison,Which facade material should I select for my project?,en,US/Canada project inquiries,P0,GEO buyer question,/guides/facade-materials,/guides/facade-materials#questions,Visible answers and supporting source/product links,Buyer question derived from reviewed catalogue and procurement requirements,Prompt hypothesis; no measured query volume or citation result,Answer/topic coverage; not a promise of AI citation
gfrp,What drawings are needed for custom GFRP architectural components?,en,US/Canada project inquiries,P1,GEO buyer question,/materials/gfrp-custom-elements,/materials/gfrp-custom-elements,Visible answers and supporting source/product links,Buyer question derived from reviewed catalogue and procurement requirements,Prompt hypothesis; no measured query volume or citation result,Answer/topic coverage; not a promise of AI citation
gfrp,How do repeated shapes affect custom GRP tooling scope?,en,US/Canada project inquiries,P1,GEO buyer question,/materials/gfrp-custom-elements,/materials/gfrp-custom-elements,Visible answers and supporting source/product links,Buyer question derived from reviewed catalogue and procurement requirements,Prompt hypothesis; no measured query volume or citation result,Answer/topic coverage; not a promise of AI citation
exterior-hpl,What documents are needed to specify exterior HPL facade panels?,en,US/Canada project inquiries,P1,GEO buyer question,/materials/exterior-hpl-panels,/materials/exterior-hpl-panels,Visible answers and supporting source/product links,Buyer question derived from reviewed catalogue and procurement requirements,Prompt hypothesis; no measured query volume or citation result,Answer/topic coverage; not a promise of AI citation
metal-composite,Are all metal composite panels aluminum faced?,en,US/Canada project inquiries,P1,GEO buyer question,/materials/acm-panels,/materials/acm-panels,Visible answers and supporting source/product links,Buyer question derived from reviewed catalogue and procurement requirements,Prompt hypothesis; no measured query volume or citation result,Answer/topic coverage; not a promise of AI citation
technical-documents,What belongs in a facade panel technical submittal?,en,US/Canada project inquiries,P1,GEO buyer question,/technical-resources,/technical-resources#review-package,Visible answers and supporting source/product links,Buyer question derived from reviewed catalogue and procurement requirements,Prompt hypothesis; no measured query volume or citation result,Answer/topic coverage; not a promise of AI citation
technical-documents,Are CAD BIM and fire reports available for every panel?,en,US/Canada project inquiries,P1,GEO buyer question,/technical-resources,/technical-resources#review-package,Visible answers and supporting source/product links,Buyer question derived from reviewed catalogue and procurement requirements,Prompt hypothesis; no measured query volume or citation result,Answer/topic coverage; not a promise of AI citation
